<?xml version="1.0" encoding="UTF-8"?>
<facelet-taglib id="errortest"
    xmlns="http://java.sun.com/xml/ns/javaee"
    xmlns:xsi="http://www.w3.org/2001/XMLSchema-instance"
    xsi:schemaLocation="http://java.sun.com/xml/ns/javaee http://java.sun.com/xml/ns/javaee/web-facelettaglibrary_2_0.xsd"
    version="2.0"
>
    <description>
      Demonstrate c:catch error handling.
    </description>
    <namespace>http://showcase/c/errortest</namespace>
    <tag>
        <tag-name>throwError</tag-name>
        <handler-class>caf.war.wm_opencaf_showcase.controls.c.ErrorTestTagHandler</handler-class>
    </tag>
</facelet-taglib>