<?xml version="1.0" encoding="UTF-8" standalone="yes"?>
<wm-portlet-app version="1.0" xmlns:xsi="http://www.w3.org/2001/XMLSchema-instance" xsi:noNamespaceSchemaLocation="http://www.webmethods.com/schema/wm-portlet-app.xsd">
	<wm-portlet>
		<portlet-name>showcase</portlet-name>
		<category>wm_opencaf_showcase</category>
		<portlet-preferences>
			<preference>
				<name>pref1</name>
				<display-name></display-name>
				<description></description>
				<scope>session</scope>
				<property-editor type="text">
					<param>
						<name>validationRegexp</name>
						<value></value>
					</param>
					<param>
						<name>validationRegexpMsg</name>
						<value></value>
					</param>
					<param>
						<name>onselect</name>
						<value></value>
					</param>
					<param>
						<name>style</name>
						<value>5</value>
					</param>
					<param>
						<name>onblur</name>
						<value></value>
					</param>
					<param>
						<name>onenter</name>
						<value></value>
					</param>
					<param>
						<name>onfocus</name>
						<value></value>
					</param>
					<param>
						<name>onkeypress</name>
						<value></value>
					</param>
					<param>
						<name>onchange</name>
						<value></value>
					</param>
					<param>
						<name>disabled</name>
						<value>2</value>
					</param>
				</property-editor>
				<hidden>true</hidden>
				<required>false</required>
				<type>String</type>
			</preference>
			<preference>
				<name>targetSample</name>
				<display-name>Target Sample Page</display-name>
				<description>Page to display in the right panel</description>
				<scope>user</scope>
				<property-editor type="text">
					<param>
						<name>validationRegexp</name>
						<value></value>
					</param>
					<param>
						<name>validationRegexpMsg</name>
						<value></value>
					</param>
					<param>
						<name>onselect</name>
						<value></value>
					</param>
					<param>
						<name>style</name>
						<value>5</value>
					</param>
					<param>
						<name>onblur</name>
						<value></value>
					</param>
					<param>
						<name>onenter</name>
						<value></value>
					</param>
					<param>
						<name>onfocus</name>
						<value></value>
					</param>
					<param>
						<name>onkeypress</name>
						<value></value>
					</param>
					<param>
						<name>onchange</name>
						<value></value>
					</param>
					<param>
						<name>disabled</name>
						<value>2</value>
					</param>
				</property-editor>
				<hidden>false</hidden>
				<required>false</required>
				<type>String</type>
			</preference></portlet-preferences></wm-portlet></wm-portlet-app>

